ZoneName
Alabama Plus
Alaska Statewide
Alberta
Arizona Statewide
Arkansas Statewide
Atlantic Canada
British Columbia
CA - Northern
CA - Southern
Calgary & Southern Alberta
California Statewide
Canada
Central Ontario
Colorado Plus
Connecticut Plus
Delaware Statewide
Eastern Ontario
Edmonton & Northern Alberta
FL - Central
FL - Northern
FL - Southern
Florida Plus
Georgia Plus
Hamiton & West
Hawaii Statewide
Idaho Statewide
IL - Chicago
IL - Northern
IL - Southern
Illinois Plus
IN - Central
IN - Northern
IN - Southern 
Indiana Plus
Iowa Statewide
Kansas Plus
Kentucky Plus
LA - Eastern
LA - Western
Louisiana Statewide
Lower Mainland
MA - Eastern
MA - Western
Maine Statewide
Manitoba
Maryland Statewide
Massachusetts Statewide
MI - East
MI - West
Michigan Statewide
Minnesota Plus
Mississippi Statewide
Missouri Plus
Montana Statewide
Montreal & District
Nebraska Statewide
Nevada Statewide
New Brunswick
New Hampshire Statewide
New Jersey Statewide
New Mexico Statewide
New York Statewide
Newfoundland & Labrador
NJ - North
NJ - South
North Carolina Plus
North Dakota Statewide
Northern BC
Northern Ontario
Northern Saskatchewan
Northwest Territories
Nova Scotia
Nunavut
NY - Hudson Valley
NY - Long Island
NY - Nassau / Suffolk
NY - New York City
NY - Western
OH - Central
OH - Northern
OH - Southern
Ohio Plus
Oklahoma Statewide
Ontario
Ontario - BCA
Ontario - BCA Plus
Ontario - CATB
Ontario - HHCA
Ontario - HHCA Plus
Ontario - North Bay
Ontario - SSMCA
Ontario - Sudbury Plus
Oregon Plus
Ottawa & Gatineau
PA - Eastern
PA - Keystone
PA - Philadelaphia
PA - Western
Pennsylvania Statewide
Prince Edward Island
Quebec
Quebec City & District
Regional BC
Rhode Island Plus
Saskatchewan
South Carolina Plus
South Dakota Statewide
Southern Saskatchewan
Southwestern Ontario
Tennesse Plus
Texas Statewide
Thompson Okanagan
TN - Eastern
TN - Western
Toronto & 100 Mile
Toronto & 50 Mile
Toronto & East
Toronto & West
TX - Austin
TX - Dallas
TX - Houston
TX - San Antonio
TX - Western
US Nationwide
Utah Statewide
VA - Shenandoah Valley
VA - Tidewater
Vancouver Island
Vermont Statewide
Virginia Statewide
Washington D.C.
Washington Statewide
West Virginia Statewide
Winnipeg & District
Wisconsin Statewide
Wyoming Statewide
Yukon